0.05,2.36653e-18,-4.76379e-34,1.5,-0.0695437,-0.0283419,-0.143532,0.00871699,-0.00742297,-0.200661,-0.979594,-0.110492,-0.0526992,0.0591013,0,0,0,
0.1,2.36653e-18,-4.76379e-34,1.5,-0.0748036,-0.0302871,-0.13674,0.00873771,-0.00758932,-0.200105,-0.979706,-0.113931,-0.0401214,0.0597031,0,0,0,
0.15,2.36653e-18,-4.76379e-34,1.5,-0.0775518,-0.0310443,-0.132295,0.00872522,-0.00757448,-0.199953,-0.979737,-0.127286,-0.0468492,0.0787274,0,0,0,
0.2,2.36653e-18,-4.76379e-34,1.5,-0.0839331,-0.0329725,-0.12435,0.00860932,-0.00754076,-0.199594,-0.979812,-0.128015,-0.0457183,0.0803232,0,0,0,
0.25,2.36653e-18,-4.76379e-34,1.5,-0.0859903,-0.0335504,-0.120464,0.00860252,-0.00758304,-0.199538,-0.979823,-0.139625,-0.0543269,0.102532,0,0,0,
0.3,2.36653e-18,-4.76379e-34,1.5,-0.0888218,-0.0344805,-0.114977,0.0086104,-0.0076533,-0.199211,-0.979889,-0.137763,-0.0553945,0.10157,0,0,0,
0.35,2.36653e-18,-4.76379e-34,1.5,-0.0946976,-0.0365934,-0.1053,0.00861062,-0.00774612,-0.198824,-0.979967,-0.136997,-0.0615442,0.103402,0,0,0,
0.4,2.36653e-18,-4.76379e-34,1.5,-0.0985739,-0.0382402,-0.099487,0.00865746,-0.00774997,-0.198554,-0.980021,-0.149635,-0.0682114,0.121405,0,0,0,
0.45,2.36653e-18,-4.76379e-34,1.5,-0.104379,-0.0410042,-0.0886973,0.00877268,-0.00781624,-0.198179,-0.980095,-0.151809,-0.0729808,0.119892,0,0,0,
0.5,2.36653e-18,-4.76379e-34,1.5,-0.106422,-0.04219,-0.083747,0.0087457,-0.00802628,-0.197911,-0.980148,-0.129477,-0.0695431,0.0892143,0,0,0,
0.55,2.36653e-18,-4.76379e-34,1.5,-0.109313,-0.0438408,-0.0802899,0.00871048,-0.00801677,-0.19764,-0.980203,-0.129871,-0.0683397,0.0892048,0,0,0,
0.6,2.36653e-18,-4.76379e-34,1.5,-0.113884,-0.0462843,-0.074755,0.00876045,-0.00810455,-0.197286,-0.980273,-0.13029,-0.0706115,0.0874613,0,0,0,
0.65,2.36653e-18,-4.76379e-34,1.5,-0.116061,-0.0477743,-0.0710475,0.00873925,-0.00815643,-0.197126,-0.980305,-0.142383,-0.0781198,0.107537,0,0,0,
0.7,2.36653e-18,-4.76379e-34,1.5,-0.119114,-0.0502654,-0.0634026,0.0086042,-0.00819762,-0.196973,-0.980337,-0.140561,-0.0757085,0.109048,0,0,0,
0.75,2.36653e-18,-4.76379e-34,1.5,-0.121378,-0.0517546,-0.0590494,0.00859583,-0.00814456,-0.196893,-0.980354,-0.141503,-0.0746633,0.108067,0,0,0,
0.8,2.36653e-18,-4.76379e-34,1.5,-0.123464,-0.0530413,-0.0557624,0.00857225,-0.00812178,-0.196822,-0.980368,-0.141281,-0.0746465,0.106582,0,0,0,
0.85,2.36653e-18,-4.76379e-34,1.5,-0.126288,-0.0551585,-0.0494732,0.00863469,-0.00849492,-0.196598,-0.980409,-0.134356,-0.0755217,0.095255,0,0,0,
0.9,2.36653e-18,-4.76379e-34,1.5,-0.12696,-0.0559124,-0.0465838,0.00861258,-0.00851534,-0.196559,-0.980417,-0.132581,-0.0775676,0.0955236,0,0,0,
0.95,2.36653e-18,-4.76379e-34,1.5,-0.130455,-0.0584204,-0.0432826,0.00868519,-0.00860699,-0.196354,-0.980457,-0.135159,-0.0781373,0.101525,0,0,0,
1,2.36653e-18,-4.76379e-34,1.5,-0.133327,-0.0602092,-0.0415152,0.00866045,-0.00864173,-0.19626,-0.980476,-0.148677,-0.083863,0.122686,0,0,0,
1.05,2.36653e-18,-4.76379e-34,1.5,-0.135932,-0.0618515,-0.0396692,0.00858374,-0.00857553,-0.196162,-0.980496,-0.147348,-0.089704,0.12062,0,0,0,
1.1,2.36653e-18,-4.76379e-34,1.5,-0.138721,-0.0642629,-0.036616,0.00856615,-0.00877454,-0.195995,-0.980528,-0.150139,-0.0887325,0.117782,0,0,0,
1.15,2.36653e-18,-4.76379e-34,1.5,-0.140708,-0.0657021,-0.0359368,0.00858585,-0.00873099,-0.195896,-0.980548,-0.147944,-0.0874739,0.115787,0,0,0,
1.2,2.36653e-18,-4.76379e-34,1.5,-0.142595,-0.0671311,-0.0352649,0.00864114,-0.00876459,-0.195708,-0.980585,-0.149063,-0.0881007,0.113604,0,0,0,
1.25,2.36653e-18,-4.76379e-34,1.5,-0.145683,-0.0694941,-0.0329477,0.00876066,-0.00898384,-0.195539,-0.980616,-0.14984,-0.0895661,0.108608,0,0,0,
1.3,2.36653e-18,-4.76379e-34,1.5,-0.146561,-0.0703869,-0.0315448,0.00871705,-0.00910745,-0.195459,-0.980631,-0.147103,-0.0880088,0.106881,0,0,0,
1.35,2.36653e-18,-4.76379e-34,1.5,-0.148314,-0.0722998,-0.0288764,0.00871276,-0.00922122,-0.195339,-0.980654,-0.150977,-0.0907499,0.111865,0,0,0,
1.4,2.36653e-18,-4.76379e-34,1.5,-0.150032,-0.0736304,-0.0270143,0.00874281,-0.00929006,-0.195227,-0.980675,-0.149991,-0.0923563,0.11173,0,0,0,
1.45,2.36653e-18,-4.76379e-34,1.5,-0.150944,-0.0745028,-0.0249371,0.00870339,-0.00928121,-0.195157,-0.980689,-0.148123,-0.0944721,0.110269,0,0,0,
1.5,2.36653e-18,-4.76379e-34,1.5,-0.150843,-0.0752579,-0.0199836,0.00866546,-0.00963305,-0.194953,-0.980727,-0.157263,-0.0944341,0.130411,0,0,0,
1.55,2.36653e-18,-4.76379e-34,1.5,-0.152232,-0.0764652,-0.0171528,0.00870684,-0.00971941,-0.194915,-0.980733,-0.155566,-0.101417,0.129141,0,0,0,
1.6,2.36653e-18,-4.76379e-34,1.5,-0.154962,-0.0789614,-0.0112709,0.00882005,-0.0100976,-0.194578,-0.980796,-0.139373,-0.0900868,0.107369,0,0,0,
1.65,2.36653e-18,-4.76379e-34,1.5,-0.153085,-0.0784778,-0.00959501,0.00887472,-0.0100932,-0.194456,-0.980819,-0.13337,-0.0943928,0.107905,0,0,0,
1.7,2.36653e-18,-4.76379e-34,1.5,-0.152512,-0.0788437,-0.00719245,0.00889037,-0.0101427,-0.194392,-0.980831,-0.13105,-0.0924436,0.109836,0,0,0,
1.75,2.36653e-18,-4.76379e-34,1.5,-0.150147,-0.0790471,-0.00465956,0.00890613,-0.0105583,-0.194163,-0.980872,-0.109874,-0.0823274,0.0849078,0,0,0,
1.8,2.36653e-18,-4.76379e-34,1.5,-0.150096,-0.0797822,-0.00501793,0.00903073,-0.0106821,-0.194117,-0.980879,-0.106058,-0.0798394,0.083093,0,0,0,
1.85,2.36653e-18,-4.76379e-34,1.5,-0.144745,-0.0778605,-0.00638595,0.00905151,-0.0108516,-0.193966,-0.980906,-0.111806,-0.0831026,0.101387,0,0,0,
1.9,2.36653e-18,-4.76379e-34,1.5,-0.143434,-0.0777608,-0.00604854,0.00905037,-0.0109131,-0.193977,-0.980904,-0.108247,-0.0884147,0.0996612,0,0,0,
1.95,2.36653e-18,-4.76379e-34,1.5,-0.143016,-0.0784581,-0.00497342,0.00919703,-0.0110609,-0.193897,-0.980916,-0.0921982,-0.0843261,0.0823763,0,0,0,
2,2.36653e-18,-4.76379e-34,1.5,-0.141105,-0.0793997,-0.00462287,0.00911906,-0.0111644,-0.193822,-0.980931,-0.0792734,-0.0875444,0.066736,0,0,0,
2.05,2.36653e-18,-4.76379e-34,1.5,-0.139269,-0.0792617,-0.00536198,0.0090863,-0.0111652,-0.193758,-0.980944,-0.0769807,-0.0784465,0.0657719,0,0,0,
2.1,2.36653e-18,-4.76379e-34,1.5,-0.132926,-0.0774859,-0.0115892,0.00906041,-0.0115132,-0.193583,-0.980975,-0.0576946,-0.0710596,0.0430879,0,0,0,
2.15,2.36653e-18,-4.76379e-34,1.5,-0.130899,-0.077566,-0.0135806,0.00912314,-0.0114662,-0.193475,-0.980996,-0.0537383,-0.0763815,0.0416692,0,0,0,
2.2,2.36653e-18,-4.76379e-34,1.5,-0.126985,-0.0781941,-0.017093,0.00912668,-0.0116366,-0.193276,-0.981033,-0.0423074,-0.0813066,0.0291339,0,0,0,
2.25,2.36653e-18,-4.76379e-34,1.5,-0.125461,-0.0790648,-0.0186723,0.00909846,-0.0116669,-0.193215,-0.981045,-0.0405144,-0.0835434,0.0281184,0,0,0,
2.3,2.36653e-18,-4.76379e-34,1.5,-0.124152,-0.0800782,-0.020765,0.00915017,-0.0116589,-0.193227,-0.981042,-0.0384174,-0.0792888,0.0268678,0,0,0,
2.35,2.36653e-18,-4.76379e-34,1.5,-0.118666,-0.0800961,-0.0267011,0.00924537,-0.0119068,-0.193187,-0.981046,-0.00580088,-0.0702965,-0.0104606,0,0,0,
2.4,2.36653e-18,-4.76379e-34,1.5,-0.115255,-0.0794876,-0.029795,0.00934762,-0.0118657,-0.193112,-0.98106,-0.00359527,-0.0669506,-0.0128848,0,0,0,
2.45,2.36653e-18,-4.76379e-34,1.5,-0.108685,-0.0784895,-0.0365737,0.00929396,-0.0119003,-0.192855,-0.981111,-0.00384493,-0.0676902,-0.00856981,0,0,0,
2.5,2.36653e-18,-4.76379e-34,1.5,-0.106858,-0.0788472,-0.0389231,0.00925526,-0.0119223,-0.192794,-0.981123,-0.00390026,-0.0657862,-0.00631845,0,0,0,
2.55,2.36653e-18,-4.76379e-34,1.5,-0.103511,-0.0779136,-0.0424515,0.00936494,-0.0119404,-0.192795,-0.981122,-0.00299878,-0.0647594,-0.0103017,0,0,0,
2.6,2.36653e-18,-4.76379e-34,1.5,-0.0967509,-0.0752078,-0.0482026,0.00937615,-0.0120087,-0.192704,-0.981139,0.00639599,-0.0649357,-0.0220039,0,0,0,
2.65,2.36653e-18,-4.76379e-34,1.5,-0.0941163,-0.0750641,-0.0505273,0.00935487,-0.0120512,-0.192628,-0.981153,0.00794021,-0.0741495,-0.0232243,0,0,0,
2.7,2.36653e-18,-4.76379e-34,1.5,-0.089334,-0.0750354,-0.0551375,0.00933499,-0.012088,-0.1925,-0.981178,0.0134675,-0.0657782,-0.03748,0,0,0,
2.75,2.36653e-18,-4.76379e-34,1.5,-0.0865608,-0.0742648,-0.0575513,0.00931618,-0.0120915,-0.192442,-0.98119,0.013168,-0.0645378,-0.0384837,0,0,0,
2.8,2.36653e-18,-4.76379e-34,1.5,-0.0809205,-0.0720752,-0.0621,0.00935962,-0.0122517,-0.192229,-0.981229,0.0318945,-0.0553008,-0.0611716,0,0,0,
2.85,2.36653e-18,-4.76379e-34,1.5,-0.0780392,-0.0714174,-0.0646995,0.00939663,-0.0122254,-0.192226,-0.98123,0.0341838,-0.0616934,-0.0637377,0,0,0,
2.9,2.36653e-18,-4.76379e-34,1.5,-0.0725045,-0.070766,-0.0692721,0.00952588,-0.0121804,-0.192049,-0.981264,0.0346062,-0.0663135,-0.0660396,0,0,0,
2.95,2.36653e-18,-4.76379e-34,1.5,-0.0695866,-0.0696739,-0.0710604,0.0094975,-0.0122084,-0.191975,-0.981278,0.0345003,-0.0646984,-0.0647256,0,0,0,
3,2.36653e-18,-4.76379e-34,1.5,-0.0669703,-0.0686489,-0.072544,0.00955694,-0.0122477,-0.191924,-0.981287,0.0345554,-0.0570619,-0.0637934,0,0,0,
3.05,2.36653e-18,-4.76379e-34,1.5,-0.0616117,-0.0670138,-0.0771325,0.00970957,-0.0123123,-0.191823,-0.981304,0.0480813,-0.0468197,-0.0846383,0,0,0,
3.1,2.36653e-18,-4.76379e-34,1.5,-0.058722,-0.0659261,-0.0802634,0.00974419,-0.0122816,-0.191701,-0.981328,0.0502166,-0.0414696,-0.0849794,0,0,0,
3.15,2.36653e-18,-4.76379e-34,1.5,-0.0537019,-0.0639352,-0.0863755,0.00983351,-0.0122421,-0.191495,-0.981368,0.0474516,-0.0537823,-0.0759408,0,0,0,
3.2,2.36653e-18,-4.76379e-34,1.5,-0.0508446,-0.0622619,-0.0897842,0.00975748,-0.0122706,-0.191399,-0.981387,0.0474347,-0.0489145,-0.0741503,0,0,0,
3.25,2.36653e-18,-4.76379e-34,1.5,-0.0466633,-0.060714,-0.0950322,0.00991283,-0.0122589,-0.191297,-0.981406,0.0419825,-0.0477786,-0.0645982,0,0,0,
3.3,2.36653e-18,-4.76379e-34,1.5,-0.044653,-0.060274,-0.0973762,0.00998208,-0.0122244,-0.191238,-0.981417,0.0415131,-0.0477122,-0.0657859,0,0,0,
3.35,2.36653e-18,-4.76379e-34,1.5,-0.0429537,-0.0595464,-0.0990322,0.00999061,-0.0121983,-0.191124,-0.981439,0.0432826,-0.0470881,-0.0665314,0,0,0,
3.4,2.36653e-18,-4.76379e-34,1.5,-0.0397608,-0.0571169,-0.101196,0.0100024,-0.012176,-0.190948,-0.981474,0.0380898,-0.049742,-0.0564282,0,0,0,
3.45,2.36653e-18,-4.76379e-34,1.5,-0.0385493,-0.0564729,-0.101847,0.00995172,-0.0121432,-0.190913,-0.981482,0.0389792,-0.0474633,-0.0573818,0,0,0,
3.5,2.36653e-18,-4.76379e-34,1.5,-0.036107,-0.0561755,-0.102902,0.00997671,-0.0121889,-0.1908,-0.981503,0.0421094,-0.0597944,-0.0643353,0,0,0,
3.55,2.36653e-18,-4.76379e-34,1.5,-0.0347965,-0.0558463,-0.103432,0.00993457,-0.0121185,-0.190815,-0.981501,0.0418215,-0.0599907,-0.0641858,0,0,0,
3.6,2.36653e-18,-4.76379e-34,1.5,-0.0324313,-0.0545875,-0.103443,0.0099313,-0.0119316,-0.190857,-0.981495,0.0353628,-0.0614682,-0.0538134,0,0,0,
3.65,2.36653e-18,-4.76379e-34,1.5,-0.0315576,-0.0550456,-0.104003,0.00989895,-0.011976,-0.190876,-0.981491,0.0355789,-0.0607187,-0.0555444,0,0,0,
3.7,2.36653e-18,-4.76379e-34,1.5,-0.0306953,-0.0550381,-0.104525,0.00984882,-0.0119876,-0.190856,-0.981496,0.0345696,-0.054617,-0.0572702,0,0,0,
3.75,2.36653e-18,-4.76379e-34,1.5,-0.0294442,-0.0539255,-0.116849,0.00998176,-0.0120195,-0.190843,-0.981496,0.0192971,-0.0600092,-0.0384122,0,0,0,
3.8,2.36653e-18,-4.76379e-34,1.5,-0.0290939,-0.0535175,-0.122763,0.00993892,-0.0119617,-0.190803,-0.981505,0.0179588,-0.0571751,-0.0407779,0,0,0,
3.85,2.36653e-18,-4.76379e-34,1.5,-0.0286476,-0.0533328,-0.14496,0.00992165,-0.0119033,-0.19078,-0.98151,0.0128998,-0.0708635,-0.0411464,0,0,0,
3.9,2.36653e-18,-4.76379e-34,1.5,-0.0286076,-0.0539557,-0.153374,0.00985603,-0.0119105,-0.190846,-0.981498,0.0145686,-0.074216,-0.043396,0,0,0,
3.95,2.36653e-18,-4.76379e-34,1.5,-0.0283792,-0.0539395,-0.160709,0.00983261,-0.0119957,-0.190851,-0.981497,0.0149195,-0.0801681,-0.0484536,0,0,0,
4,2.36653e-18,-4.76379e-34,1.5,-0.0278826,-0.0534667,-0.174548,0.00979944,-0.0120665,-0.190795,-0.981507,0.0200796,-0.0795685,-0.0638104,0,0,0,
4.05,2.36653e-18,-4.76379e-34,1.5,-0.0275687,-0.0540276,-0.18035,0.00978361,-0.012078,-0.190784,-0.981509,0.0202852,-0.0860957,-0.0667547,0,0,0,
4.1,2.36653e-18,-4.76379e-34,1.5,-0.0268196,-0.0563367,-0.190206,0.00982984,-0.0122242,-0.190763,-0.981511,0.0246083,-0.0867859,-0.0814552,0,0,0,
4.15,2.36653e-18,-4.76379e-34,1.5,-0.0260069,-0.0567477,-0.194718,0.0097255,-0.0121752,-0.190743,-0.981516,0.0257087,-0.0858417,-0.0839497,0,0,0,
4.2,2.36653e-18,-4.76379e-34,1.5,-0.0244493,-0.056135,-0.203792,0.00979508,-0.0121634,-0.190843,-0.981496,0.0369654,-0.0712106,-0.109064,0,0,0,
4.25,2.36653e-18,-4.76379e-34,1.5,-0.0234147,-0.056161,-0.207847,0.00989706,-0.0122746,-0.190881,-0.981487,0.0361178,-0.0719844,-0.109656,0,0,0,
4.3,2.36653e-18,-4.76379e-34,1.5,-0.0223084,-0.0570494,-0.211652,0.00991426,-0.012304,-0.190885,-0.981485,0.0375836,-0.0731797,-0.111458,0,0,0,
4.35,2.36653e-18,-4.76379e-34,1.5,-0.0202568,-0.0574338,-0.218516,0.0100937,-0.0121644,-0.191043,-0.981454,0.0337888,-0.0769339,-0.103909,0,0,0,
4.4,2.36653e-18,-4.76379e-34,1.5,-0.0193671,-0.0570893,-0.221103,0.0100461,-0.012151,-0.191109,-0.981442,0.0337574,-0.0787795,-0.106018,0,0,0,
4.45,2.36653e-18,-4.76379e-34,1.5,-0.0176766,-0.0570062,-0.22765,0.0101535,-0.0123021,-0.191225,-0.981417,0.03748,-0.0730537,-0.118805,0,0,0,
4.5,2.36653e-18,-4.76379e-34,1.5,-0.0166238,-0.0570795,-0.23091,0.0100973,-0.0123296,-0.191216,-0.981419,0.0378226,-0.0718906,-0.119331,0,0,0,
4.55,2.36653e-18,-4.76379e-34,1.5,-0.0156398,-0.0568781,-0.233282,0.010103,-0.0123598,-0.191228,-0.981416,0.0401053,-0.0721611,-0.119807,0,0,0,
4.6,2.36653e-18,-4.76379e-34,1.5,-0.0142678,-0.0551016,-0.235961,0.0101432,-0.0124139,-0.191183,-0.981424,0.0268369,-0.0747588,-0.0987774,0,0,0,
4.65,2.36653e-18,-4.76379e-34,1.5,-0.0137021,-0.0553173,-0.237548,0.0101565,-0.0124021,-0.191177,-0.981425,0.0258317,-0.0709683,-0.0990287,0,0,0,
4.7,2.36653e-18,-4.76379e-34,1.5,-0.0130505,-0.0554339,-0.238703,0.0102218,-0.0124724,-0.19117,-0.981425,0.020313,-0.0829278,-0.0909883,0,0,0,
4.75,2.36653e-18,-4.76379e-34,1.5,-0.0129129,-0.0551462,-0.239224,0.0101205,-0.0124017,-0.19112,-0.981436,0.0208162,-0.0818301,-0.0925458,0,0,0,
4.8,2.36653e-18,-4.76379e-34,1.5,-0.0128133,-0.0547975,-0.240515,0.0101615,-0.0123429,-0.191139,-0.981433,0.0223859,-0.0772767,-0.0942314,0,0,0,
4.85,2.36653e-18,-4.76379e-34,1.5,-0.0118308,-0.0548174,-0.24612,0.0102511,-0.0125357,-0.191159,-0.981426,0.03643,-0.071494,-0.119317,0,0,0,
4.9,2.36653e-18,-4.76379e-34,1.5,-0.011137,-0.0551602,-0.249911,0.0102622,-0.0125169,-0.191003,-0.981456,0.0403652,-0.0811713,-0.120666,0,0,0,
4.95,2.36653e-18,-4.76379e-34,1.5,-0.00895323,-0.0551596,-0.256462,0.0103475,-0.0126474,-0.190797,-0.981494,0.0555984,-0.0774896,-0.144857,0,0,0,
5,2.36653e-18,-4.76379e-34,1.5,-0.00751719,-0.0549688,-0.25924,0.0102742,-0.0126401,-0.190686,-0.981516,0.0560248,-0.0784109,-0.143527,0,0,0,
5.05,2.36653e-18,-4.76379e-34,1.5,-0.00626624,-0.0548023,-0.263264,0.0103813,-0.0126871,-0.190585,-0.981534,0.0553326,-0.0740314,-0.144696,0,0,0,
5.1,2.36653e-18,-4.76379e-34,1.5,-0.00313153,-0.0548835,-0.271492,0.0103202,-0.012684,-0.190362,-0.981578,0.0592281,-0.064354,-0.155816,0,0,0,
5.15,2.36653e-18,-4.76379e-34,1.5,-0.00204324,-0.0538969,-0.274598,0.010311,-0.0126995,-0.190353,-0.98158,0.0598651,-0.0594678,-0.157432,0,0,0,
5.2,2.36653e-18,-4.76379e-34,1.5,-0.000138478,-0.0524521,-0.280654,0.0103231,-0.0126278,-0.190166,-0.981616,0.0462442,-0.0665702,-0.139496,0,0,0,
5.25,2.36653e-18,-4.76379e-34,1.5,0.000429997,-0.0517282,-0.283092,0.0102916,-0.0126166,-0.190177,-0.981615,0.0461155,-0.0713348,-0.142529,0,0,0,
5.3,2.36653e-18,-4.76379e-34,1.5,0.00124257,-0.0519096,-0.285314,0.0103379,-0.0125999,-0.190212,-0.981608,0.050082,-0.0723234,-0.144394,0,0,0,
5.35,2.36653e-18,-4.76379e-34,1.5,0.00323143,-0.0512599,-0.289951,0.0104989,-0.0127374,-0.190149,-0.981616,0.062057,-0.0603328,-0.167074,0,0,0,
5.4,2.36653e-18,-4.76379e-34,1.5,0.00391457,-0.0504248,-0.292125,0.0104659,-0.0127593,-0.190077,-0.981631,0.0608589,-0.0570642,-0.166869,0,0,0,
5.45,2.36653e-18,-4.76379e-34,1.5,0.00646758,-0.0492886,-0.298781,0.0106509,-0.0128793,-0.190004,-0.981641,0.0750559,-0.0449394,-0.189135,0,0,0,
5.5,2.36653e-18,-4.76379e-34,1.5,0.00794493,-0.0488388,-0.302663,0.0106933,-0.0128837,-0.190019,-0.981638,0.0760064,-0.0440204,-0.190342,0,0,0,
5.55,2.36653e-18,-4.76379e-34,1.5,0.00924841,-0.0481842,-0.306243,0.0107166,-0.0128963,-0.190014,-0.981638,0.0743183,-0.0377089,-0.192076,0,0,0,
5.6,2.36653e-18,-4.76379e-34,1.5,0.0117227,-0.0447997,-0.312504,0.0107433,-0.0129949,-0.190004,-0.981639,0.0913077,-0.0308299,-0.212024,0,0,0,
5.65,2.36653e-18,-4.76379e-34,1.5,0.0135752,-0.0436954,-0.316208,0.0108093,-0.0129423,-0.190039,-0.981632,0.0920095,-0.0238389,-0.212535,0,0,0,
5.7,2.36653e-18,-4.76379e-34,1.5,0.0164861,-0.041377,-0.324227,0.0108368,-0.012793,-0.190037,-0.981634,0.0851014,-0.0207163,-0.204257,0,0,0,
5.75,2.36653e-18,-4.76379e-34,1.5,0.0169568,-0.0400335,-0.32717,0.0108403,-0.0127989,-0.189947,-0.981651,0.0847285,-0.0292463,-0.205414,0,0,0,
5.8,2.36653e-18,-4.76379e-34,1.5,0.0174229,-0.0388972,-0.329607,0.010866,-0.0127591,-0.189931,-0.981654,0.0826469,-0.0284581,-0.205476,0,0,0,
5.85,2.36653e-18,-4.76379e-34,1.5,0.019089,-0.0367031,-0.335761,0.010885,-0.012852,-0.189859,-0.981667,0.0879108,-0.0243748,-0.214786,0,0,0,
5.9,2.36653e-18,-4.76379e-34,1.5,0.0203781,-0.0361655,-0.339911,0.0108521,-0.0128806,-0.18979,-0.98168,0.0889879,-0.020459,-0.215309,0,0,0,
5.95,2.36653e-18,-4.76379e-34,1.5,0.0228241,-0.0341034,-0.348026,0.0110052,-0.0130504,-0.189757,-0.981683,0.10301,-0.0150177,-0.236355,0,0,0,
6,2.36653e-18,-4.76379e-34,1.5,0.0240347,-0.0330785,-0.351693,0.0110619,-0.013092,-0.189728,-0.981687,0.102839,-0.0194842,-0.237907,0,0,0,
6.05,2.36653e-18,-4.76379e-34,1.5,0.0276935,-0.0317833,-0.360217,0.0109837,-0.0132833,-0.18966,-0.981699,0.118588,-0.0209151,-0.261378,0,0,0,
6.1,2.36653e-18,-4.76379e-34,1.5,0.0300098,-0.0313985,-0.364781,0.0109723,-0.0133119,-0.189609,-0.981708,0.11983,-0.0197906,-0.261036,0,0,0,
6.15,2.36653e-18,-4.76379e-34,1.5,0.0312048,-0.0305811,-0.367468,0.0110151,-0.0132292,-0.189652,-0.9817,0.117485,-0.0234215,-0.26015,0,0,0,
6.2,2.36653e-18,-4.76379e-34,1.5,0.0343308,-0.0300303,-0.374763,0.0109344,-0.0132544,-0.189624,-0.981707,0.121302,-0.0235859,-0.267965,0,0,0,
6.25,2.36653e-18,-4.76379e-34,1.5,0.0358096,-0.029349,-0.378905,0.0109518,-0.0131227,-0.189639,-0.981705,0.120194,-0.0177311,-0.267584,0,0,0,
6.3,2.36653e-18,-4.76379e-34,1.5,0.0374579,-0.028974,-0.383429,0.0109278,-0.0130723,-0.189585,-0.981716,0.101413,-0.0229439,-0.239133,0,0,0,
6.35,2.36653e-18,-4.76379e-34,1.5,0.040474,-0.029204,-0.390746,0.0109144,-0.0131547,-0.189525,-0.981727,0.0962315,-0.0201687,-0.233032,0,0,0,
6.4,2.36653e-18,-4.76379e-34,1.5,0.0419243,-0.0294061,-0.392841,0.0109837,-0.0131534,-0.18965,-0.981702,0.096424,-0.0207172,-0.232076,0,0,0,
6.45,2.36653e-18,-4.76379e-34,1.5,0.0427368,-0.0290709,-0.395559,0.0109925,-0.0131281,-0.189672,-0.981698,0.0906423,-0.0214354,-0.220187,0,0,0,
6.5,2.36653e-18,-4.76379e-34,1.5,0.0426763,-0.0287794,-0.395898,0.0110585,-0.0130957,-0.189657,-0.981701,0.0882869,-0.028093,-0.218951,0,0,0,
6.55,2.36653e-18,-4.76379e-34,1.5,0.0439711,-0.0291281,-0.397283,0.0110321,-0.0131432,-0.18961,-0.98171,0.0917407,-0.0305262,-0.226317,0,0,0,
6.6,2.36653e-18,-4.76379e-34,1.5,0.044784,-0.0292058,-0.397816,0.0110626,-0.0132046,-0.189627,-0.981705,0.0933324,-0.0219417,-0.223787,0,0,0,
6.65,2.36653e-18,-4.76379e-34,1.5,0.0459932,-0.0291478,-0.399706,0.0111005,-0.0132271,-0.189618,-0.981706,0.0855653,-0.0241707,-0.205105,0,0,0,
6.7,2.36653e-18,-4.76379e-34,1.5,0.0445709,-0.0275173,-0.397914,0.0110843,-0.0132828,-0.189573,-0.981714,0.0838694,-0.0214253,-0.200486,0,0,0,
6.75,2.36653e-18,-4.76379e-34,1.5,0.0447241,-0.0271634,-0.399444,0.0111342,-0.0132929,-0.189528,-0.981722,0.0834358,-0.0270683,-0.200391,0,0,0,
6.8,2.36653e-18,-4.76379e-34,1.5,0.0451403,-0.027503,-0.401115,0.0110898,-0.0132229,-0.189453,-0.981738,0.0683536,-0.028073,-0.175771,0,0,0,
6.85,2.36653e-18,-4.76379e-34,1.5,0.0442335,-0.0270795,-0.401047,0.0110782,-0.0131696,-0.189442,-0.981741,0.068697,-0.0305474,-0.175743,0,0,0,
6.9,2.36653e-18,-4.76379e-34,1.5,0.0434711,-0.0267275,-0.400741,0.0111121,-0.0132151,-0.189364,-0.981755,0.0523869,-0.0319765,-0.149002,0,0,0,
6.95,2.36653e-18,-4.76379e-34,1.5,0.0416173,-0.0265002,-0.397779,0.0110482,-0.0131775,-0.189345,-0.98176,0.0509397,-0.0317136,-0.146686,0,0,0,
7,2.36653e-18,-4.76379e-34,1.5,0.0411496,-0.0267402,-0.396627,0.0110939,-0.0131633,-0.189364,-0.981756,0.0516741,-0.0337208,-0.14723,0,0,0,
7.05,2.36653e-18,-4.76379e-34,1.5,0.0387989,-0.0266584,-0.392089,0.0110052,-0.0131042,-0.189397,-0.981752,0.0372104,-0.0398407,-0.123656,0,0,0,
7.1,2.36653e-18,-4.76379e-34,1.5,0.0368211,-0.0263372,-0.388863,0.010971,-0.0130392,-0.189319,-0.981768,0.0378399,-0.0396655,-0.122141,0,0,0,
7.15,2.36653e-18,-4.76379e-34,1.5,0.0363173,-0.0267336,-0.388221,0.0110109,-0.0130711,-0.189303,-0.98177,0.0394715,-0.0384816,-0.129607,0,0,0,
7.2,2.36653e-18,-4.76379e-34,1.5,0.0348,-0.0271152,-0.383847,0.0109929,-0.0129422,-0.189323,-0.981768,0.0396997,-0.0362287,-0.128832,0,0,0,
7.25,2.36653e-18,-4.76379e-34,1.5,0.0340202,-0.027034,-0.380909,0.0110244,-0.0129645,-0.189299,-0.981772,0.0387805,-0.0325127,-0.125816,0,0,0,
7.3,2.36653e-18,-4.76379e-34,1.5,0.0319341,-0.0259475,-0.373883,0.0109992,-0.0130979,-0.189097,-0.98181,0.0397392,-0.030647,-0.131617,0,0,0,
7.35,2.36653e-18,-4.76379e-34,1.5,0.0313722,-0.02574,-0.370549,0.0110172,-0.0130771,-0.189034,-0.981822,0.0407134,-0.0329227,-0.13108,0,0,0,
7.4,2.36653e-18,-4.76379e-34,1.5,0.0308037,-0.0258069,-0.366814,0.0110004,-0.0130842,-0.189011,-0.981826,0.0275531,-0.0345798,-0.107132,0,0,0,
7.45,2.36653e-18,-4.76379e-34,1.5,0.0288913,-0.0257654,-0.358824,0.0110843,-0.0129457,-0.18901,-0.981827,0.0305798,-0.0365961,-0.102295,0,0,0,
7.5,2.36653e-18,-4.76379e-34,1.5,0.0278886,-0.0258157,-0.355451,0.011118,-0.0128644,-0.18903,-0.981824,0.0459944,-0.0396809,-0.121853,0,0,0,
7.55,2.36653e-18,-4.76379e-34,1.5,0.0271853,-0.0259372,-0.350452,0.011133,-0.0129303,-0.189004,-0.981828,0.0469375,-0.0401891,-0.12084,0,0,0,
7.6,2.36653e-18,-4.76379e-34,1.5,0.027317,-0.0263409,-0.349423,0.0111976,-0.0129476,-0.189041,-0.98182,0.0476339,-0.0371797,-0.119926,0,0,0,
7.65,2.36653e-18,-4.76379e-34,1.5,0.0275153,-0.0262865,-0.348188,0.0111764,-0.0130461,-0.189101,-0.981807,0.0547252,-0.0279689,-0.130995,0,0,0,
7.7,2.36653e-18,-4.76379e-34,1.5,0.0278767,-0.0253884,-0.345973,0.0112125,-0.0129356,-0.189016,-0.981825,0.0552336,-0.0313951,-0.131056,0,0,0,
7.75,2.36653e-18,-4.76379e-34,1.5,0.0281497,-0.0252751,-0.3458,0.0112318,-0.0128949,-0.189046,-0.981819,0.0427449,-0.0331746,-0.110335,0,0,0,
7.8,2.36653e-18,-4.76379e-34,1.5,0.0282986,-0.025218,-0.345863,0.0113319,-0.0128422,-0.189041,-0.98182,0.0407813,-0.0283961,-0.109021,0,0,0,
7.85,2.36653e-18,-4.76379e-34,1.5,0.0278926,-0.0248378,-0.346163,0.0113634,-0.0128536,-0.189,-0.981827,0.0413273,-0.0254472,-0.108831,0,0,0,
7.9,2.36653e-18,-4.76379e-34,1.5,0.0273677,-0.0247107,-0.346281,0.011307,-0.0128674,-0.188992,-0.981829,0.0334644,-0.030393,-0.0983678,0,0,0,
7.95,2.36653e-18,-4.76379e-34,1.5,0.0267541,-0.0249473,-0.346445,0.0112866,-0.0128208,-0.189024,-0.981824,0.0342461,-0.0334464,-0.098707,0,0,0,
8,2.36653e-18,-4.76379e-34,1.5,0.0265563,-0.025363,-0.345923,0.0112434,-0.0127723,-0.189057,-0.981819,0.0287514,-0.036928,-0.0891674,0,0,0,
8.05,2.36653e-18,-4.76379e-34,1.5,0.0257251,-0.0260701,-0.344748,0.0111614,-0.0127891,-0.189064,-0.981818,0.0288408,-0.0447041,-0.0864084,0,0,0,
8.1,2.36653e-18,-4.76379e-34,1.5,0.025178,-0.0265654,-0.343682,0.0112068,-0.0128185,-0.189142,-0.981802,0.0315178,-0.0592615,-0.0872611,0,0,0,
8.15,2.36653e-18,-4.76379e-34,1.5,0.0247549,-0.0272687,-0.341971,0.0111751,-0.0128941,-0.189173,-0.981795,0.0384766,-0.0548678,-0.0972191,0,0,0,
8.2,2.36653e-18,-4.76379e-34,1.5,0.0249185,-0.0288697,-0.355313,0.0111155,-0.0128649,-0.189282,-0.981776,0.0390883,-0.0438517,-0.100648,0,0,0,
8.25,2.36653e-18,-4.76379e-34,1.5,0.0251177,-0.0292577,-0.366637,0.0111204,-0.0129423,-0.189253,-0.98178,0.0435538,-0.0431652,-0.115148,0,0,0,
8.3,2.36653e-18,-4.76379e-34,1.5,0.0254006,-0.0294089,-0.391475,0.0112477,-0.0128057,-0.189307,-0.98177,0.0416455,-0.0372957,-0.123033,0,0,0,
8.35,2.36653e-18,-4.76379e-34,1.5,0.0256778,-0.0297165,-0.40332,0.0112667,-0.0127714,-0.189276,-0.981776,0.0287889,-0.0456053,-0.106182,0,0,0,
8.4,2.36653e-18,-4.76379e-34,1.5,0.0256481,-0.0302019,-0.41262,0.0112259,-0.0127061,-0.189202,-0.981792,0.0300938,-0.043418,-0.108796,0,0,0,
8.45,2.36653e-18,-4.76379e-34,1.5,0.0252702,-0.0302598,-0.427094,0.0111435,-0.0126781,-0.189176,-0.981798,0.0262342,-0.0388438,-0.111074,0,0,0,
8.5,2.36653e-18,-4.76379e-34,1.5,0.024344,-0.0299369,-0.440111,0.0111679,-0.0125954,-0.189158,-0.981802,0.0126326,-0.0452099,-0.0925357,0,0,0,
8.55,2.36653e-18,-4.76379e-34,1.5,0.0228269,-0.0301126,-0.461551,0.0111458,-0.0126553,-0.189197,-0.981794,0.0124328,-0.046791,-0.0985584,0,0,0,
8.6,2.36653e-18,-4.76379e-34,1.5,0.0221648,-0.0305168,-0.470387,0.0112378,-0.0126093,-0.189124,-0.981808,0.00691771,-0.0493105,-0.0916064,0,0,0,
8.65,2.36653e-18,-4.76379e-34,1.5,0.0204939,-0.0310059,-0.486541,0.0111926,-0.0125498,-0.189111,-0.981812,0.00929126,-0.050787,-0.0960738,0,0,0,
8.7,2.36653e-18,-4.76379e-34,1.5,0.0194024,-0.0309569,-0.49291,0.0112765,-0.0124385,-0.189152,-0.981804,0.0247807,-0.0471775,-0.117461,0,0,0,
8.75,2.36653e-18,-4.76379e-34,1.5,0.0193973,-0.0314423,-0.497342,0.0112825,-0.0126054,-0.189165,-0.9818,0.0258299,-0.0479474,-0.117128,0,0,0,
8.8,2.36653e-18,-4.76379e-34,1.5,0.0192693,-0.0326784,-0.503806,0.0112936,-0.0125162,-0.189183,-0.981797,0.0271893,-0.0598287,-0.116938,0,0,0,
8.85,2.36653e-18,-4.76379e-34,1.5,0.0194688,-0.0330783,-0.504987,0.0112883,-0.0126818,-0.189148,-0.981802,0.0388568,-0.0541289,-0.138266,0,0,0,
8.9,2.36653e-18,-4.76379e-34,1.5,0.0201257,-0.0332099,-0.505217,0.0111421,-0.0126494,-0.189202,-0.981794,0.0380249,-0.0459891,-0.135653,0,0,0,
8.95,2.36653e-18,-4.76379e-34,1.5,0.0207653,-0.0334281,-0.504747,0.0112787,-0.0127038,-0.189009,-0.981828,0.0416154,-0.0405291,-0.143902,0,0,0,
9,2.36653e-18,-4.76379e-34,1.5,0.021576,-0.0338288,-0.505488,0.0112766,-0.0127056,-0.188971,-0.981836,0.0407878,-0.0404946,-0.144799,0,0,0,
9.05,2.36653e-18,-4.76379e-34,1.5,0.022839,-0.0338711,-0.504102,0.011341,-0.0126954,-0.188857,-0.981857,0.0399395,-0.0354691,-0.142671,0,0,0,
9.1,2.36653e-18,-4.76379e-34,1.5,0.0232891,-0.0326615,-0.50137,0.0113368,-0.0128581,-0.188818,-0.981862,0.0540609,-0.0261879,-0.158682,0,0,0,
9.15,2.36653e-18,-4.76379e-34,1.5,0.0252591,-0.0311878,-0.499874,0.0114454,-0.0129105,-0.188718,-0.98188,0.0565556,-0.0108621,-0.15599,0,0,0,
9.2,2.36653e-18,-4.76379e-34,1.5,0.0262297,-0.0305408,-0.499428,0.0115046,-0.0128531,-0.188728,-0.981878,0.048013,-0.00988323,-0.143507,0,0,0,
9.25,2.36653e-18,-4.76379e-34,1.5,0.0273946,-0.0281388,-0.494494,0.0114221,-0.0128468,-0.1887,-0.981884,0.0453867,-0.0170693,-0.14394,0,0,0,
9.3,2.36653e-18,-4.76379e-34,1.5,0.0278639,-0.0273785,-0.492274,0.0114039,-0.0128686,-0.188649,-0.981894,0.0413556,-0.0251696,-0.136523,0,0,0,
9.35,2.36653e-18,-4.76379e-34,1.5,0.0278632,-0.0270273,-0.489048,0.0113843,-0.0128938,-0.188682,-0.981888,0.0258151,-0.0273697,-0.111189,0,0,0,
9.4,2.36653e-18,-4.76379e-34,1.5,0.0281075,-0.026651,-0.483761,0.0114107,-0.0128527,-0.188657,-0.981893,0.0243555,-0.0241425,-0.11036,0,0,0,
9.45,2.36653e-18,-4.76379e-34,1.5,0.0275779,-0.0262227,-0.47815,0.0113109,-0.0127997,-0.188542,-0.981917,0.0168495,-0.0299057,-0.0997191,0,0,0,
9.5,2.36653e-18,-4.76379e-34,1.5,0.0261425,-0.0258807,-0.472193,0.0113324,-0.0127928,-0.188588,-0.981908,0.0174674,-0.0248528,-0.0991088,0,0,0,
9.55,2.36653e-18,-4.76379e-34,1.5,0.0258792,-0.0258176,-0.469785,0.0113565,-0.0129649,-0.188536,-0.981915,0.0332086,-0.020858,-0.118941,0,0,0,
9.6,2.36653e-18,-4.76379e-34,1.5,0.0259373,-0.0256381,-0.468154,0.0113215,-0.0129655,-0.188547,-0.981913,0.0340522,-0.020617,-0.117036,0,0,0,
9.65,2.36653e-18,-4.76379e-34,1.5,0.0264952,-0.0254203,-0.463037,0.0113247,-0.0130165,-0.188495,-0.981923,0.0342111,-0.017027,-0.118266,0,0,0,
9.7,2.36653e-18,-4.76379e-34,1.5,0.0268347,-0.025814,-0.461743,0.0114075,-0.0129915,-0.188497,-0.981922,0.0224713,-0.0246614,-0.0988928,0,0,0,
9.75,2.36653e-18,-4.76379e-34,1.5,0.0264397,-0.0257068,-0.455259,0.0113774,-0.0129173,-0.188472,-0.981928,0.0244725,-0.0177279,-0.0988995,0,0,0,
9.8,2.36653e-18,-4.76379e-34,1.5,0.0264754,-0.025343,-0.452735,0.0114165,-0.0129933,-0.188464,-0.981928,0.0385354,-0.0121115,-0.117563,0,0,0,
9.85,2.36653e-18,-4.76379e-34,1.5,0.0265633,-0.0248318,-0.44826,0.0113993,-0.0130147,-0.188484,-0.981924,0.0378852,-0.0134972,-0.1184,0,0,0,
9.9,2.36653e-18,-4.76379e-34,1.5,0.0275317,-0.0253478,-0.442354,0.0113876,-0.0131661,-0.188457,-0.981927,0.0428183,-0.0325649,-0.120497,0,0,0,
9.95,2.36653e-18,-4.76379e-34,1.5,0.0281381,-0.0253717,-0.438805,0.0114075,-0.013235,-0.188521,-0.981914,0.0505544,-0.0273794,-0.134723,0,0,0,
10,2.36653e-18,-4.76379e-34,1.5,0.0294092,-0.0250847,-0.434007,0.0114448,-0.0131222,-0.188578,-0.981904,0.0528203,-0.0168188,-0.132784,0,0,0,
10.05,2.36653e-18,-4.76379e-34,1.5,0.0307491,-0.0248885,-0.431982,0.011505,-0.0133742,-0.188546,-0.981906,0.075584,-0.00933028,-0.161076,0,0,0,
10.1,2.36653e-18,-4.76379e-34,1.5,0.0325682,-0.0245254,-0.429059,0.0114154,-0.0134074,-0.18854,-0.981908,0.0748101,-0.00934396,-0.157556,0,0,0,
10.15,2.36653e-18,-4.76379e-34,1.5,0.0351508,-0.0236502,-0.424282,0.0115225,-0.0133118,-0.188564,-0.981903,0.076223,-0.0124229,-0.153906,0,0,0,
10.2,2.36653e-18,-4.76379e-34,1.5,0.0363432,-0.0234431,-0.421683,0.011461,-0.0132699,-0.188634,-0.981891,0.0698247,-0.0170958,-0.141623,0,0,0,
10.25,2.36653e-18,-4.76379e-34,1.5,0.0384721,-0.0231521,-0.413879,0.013603,-0.0107185,-0.18539,-0.982512,0.0678707,-0.0144543,-0.00913617,0,0,0,
10.3,2.36653e-18,-4.76379e-34,1.5,0.0395895,-0.0229893,-0.405118,0.0140528,-0.00742608,-0.17117,-0.985113,0.0636208,-0.00889662,0.121715,0,0,0,
10.35,2.36653e-18,-4.76379e-34,1.5,0.0407288,-0.0227834,-0.39168,0.0137971,-0.00566883,-0.160437,-0.986933,0.057392,-0.00651584,0.258343,0,0,0,
10.4,2.36653e-18,-4.76379e-34,1.5,0.039855,-0.0214293,-0.351506,0.00744128,0.00140506,-0.0813784,-0.996655,0.0375248,-0.00353588,0.525053,0,0,0,
10.45,2.36653e-18,-4.76379e-34,1.5,0.0389005,-0.020799,-0.321681,0.00272261,0.00466315,-0.0204201,-0.999777,0.0219274,-0.00618244,0.671821,0,0,0,
10.5,2.36653e-18,-4.76379e-34,1.5,0.0364896,-0.0204533,-0.257212,-0.00280584,0.0094956,0.086261,-0.996223,-0.0123949,-0.0134977,0.913637,0,0,0,
10.55,2.36653e-18,-4.76379e-34,1.5,0.0340943,-0.0204411,-0.222041,-0.00446367,0.0113898,0.13083,-0.991329,-0.0326559,-0.0177312,1.02272,0,0,0,
10.6,2.36653e-18,-4.76379e-34,1.5,0.0298204,-0.0205399,-0.174044,-0.00693368,0.0153061,0.21865,-0.975659,-0.061221,-0.0206257,1.15426,0,0,0,
10.65,2.36653e-18,-4.76379e-34,1.5,0.0208353,-0.0211321,-0.0802657,-0.0104361,0.0262202,0.426019,-0.904274,-0.121178,-0.0148465,1.38329,0,0,0,
10.7,2.36653e-18,-4.76379e-34,1.5,0.014998,-0.0211354,-0.0303339,-0.0109955,0.0297095,0.47667,-0.878511,-0.15686,-0.0043437,1.48423,0,0,0,
10.75,2.36653e-18,-4.76379e-34,1.5,-0.00190211,-0.0195454,0.087653,-0.0117269,0.0509807,0.692438,-0.719579,-0.23934,0.0427343,1.68882,0,0,0,
10.8,2.36653e-18,-4.76379e-34,1.5,-0.0127084,-0.0172696,0.150417,-0.0113699,0.0567609,0.734437,-0.676204,-0.282091,0.084223,1.78065,0,0,0,
10.85,2.36653e-18,-4.76379e-34,1.5,-0.0241379,-0.0136392,0.213179,-0.0079875,0.0724222,0.834175,-0.546665,-0.320545,0.138147,1.86625,0,0,0,
10.9,2.36653e-18,-4.76379e-34,1.5,-0.050482,-0.000209061,0.347966,0.00624849,0.0893834,0.939989,-0.32923,-0.354538,0.258187,1.84087,0,0,0,
10.95,2.36653e-18,-4.76379e-34,1.5,-0.0641722,0.00873012,0.413431,0.0267248,0.0920889,0.983505,-0.153375,-0.341266,0.312807,1.74555,0,0,0,
11,2.36653e-18,-4.76379e-34,1.5,-0.0888555,0.0301551,0.535657,0.0648392,0.0829076,0.989308,0.100952,-0.258025,0.411791,1.60059,0,0,0,
11.05,2.36653e-18,-4.76379e-34,1.5,-0.0977781,0.0427265,0.592867,0.0920281,0.065393,0.955992,0.270801,-0.182424,0.437492,1.56113,0,0,0,
11.1,2.36653e-18,-4.76379e-34,1.5,-0.106963,0.0677414,0.706437,0.135489,0.0272358,0.83782,0.528165,-0.00308271,0.398571,1.5024,0,0,0,
11.15,2.36653e-18,-4.76379e-34,1.5,-0.10875,0.0751021,0.762365,0.162734,-0.00184069,0.707985,0.68722,0.0763956,0.329868,1.46252,0,0,0,
11.2,2.36653e-18,-4.76379e-34,1.5,-0.108662,0.0788372,0.815767,0.180114,-0.0252977,0.564209,0.805349,0.133895,0.236791,1.40803,0,0,0,
11.25,2.36653e-18,-4.76379e-34,1.5,-0.10356,0.0767172,0.927496,0.175118,-0.0615852,0.259098,0.947844,0.163346,-0.00276731,1.25149,0,0,0,
11.3,2.36653e-18,-4.76379e-34,1.5,-0.101441,0.0711966,0.971994,0.143464,-0.0817572,0.0607832,0.984398,0.129115,-0.0927515,1.18492,0,0,0,
11.35,2.36653e-18,-4.76379e-34,1.5,-0.109352,0.0474583,1.06604,0.0647741,-0.103915,-0.285478,0.950531,-0.0275157,-0.198812,1.07088,0,0,0,
11.4,2.36653e-18,-4.76379e-34,1.5,-0.11727,0.0352544,1.10665,0.0415513,-0.101304,-0.464806,0.878616,-0.104797,-0.191465,1.02189,0,0,0,
11.45,2.36653e-18,-4.76379e-34,1.5,-0.127471,0.0232176,1.14928,0.0355041,-0.0937352,-0.576317,0.811056,-0.171138,-0.167467,0.947253,0,0,0,
11.5,2.36653e-18,-4.76379e-34,1.5,-0.152134,0.00257174,1.21369,0.0237299,-0.076242,-0.871986,0.482975,-0.245386,-0.0964692,0.770711,0,0,0,
11.55,2.36653e-18,-4.76379e-34,1.5,-0.164196,-0.00418978,1.23913,0.0214459,-0.0773769,-0.919309,0.385257,-0.266561,-0.0485017,0.721971,0,0,0,
11.6,2.36653e-18,-4.76379e-34,1.5,-0.180516,-0.0131969,1.26502,0.010159,-0.0831091,-0.982664,0.165411,-0.278523,0.00163015,0.691222,0,0,0,
11.65,2.36653e-18,-4.76379e-34,1.5,-0.212448,-0.0238383,1.31955,-0.0150995,-0.0837603,-0.981884,-0.169291,-0.24959,0.110983,0.638892,0,0,0,
11.7,2.36653e-18,-4.76379e-34,1.5,-0.227537,-0.0270936,1.34911,-0.043952,-0.0789048,-0.91146,-0.401352,-0.195751,0.154849,0.653641,0,0,0,
11.75,2.36653e-18,-4.76379e-34,1.5,-0.23804,-0.027693,1.37632,-0.0694869,-0.0674403,-0.800506,-0.59145,-0.129489,0.171789,0.670843,0,0,0,
11.8,2.36653e-18,-4.76379e-34,1.5,-0.260022,-0.0384842,1.43472,-0.092225,-0.0345397,-0.53682,-0.83793,-0.0088148,0.107835,0.657219,0,0,0,
11.85,2.36653e-18,-4.76379e-34,1.5,-0.269506,-0.0470395,1.46781,-0.075217,-0.00155997,-0.290051,-0.954049,0.00840748,0.0441912,0.608968,0,0,0,
11.9,2.36653e-18,-4.76379e-34,1.5,-0.283149,-0.0624789,1.51863,-0.0432548,0.0224522,0.0806714,-0.995549,-0.0369575,-0.0277115,0.467075,0,0,0,
11.95,2.36653e-18,-4.76379e-34,1.5,-0.291766,-0.072292,1.54179,-0.0398314,0.0319476,0.32449,-0.94451,-0.0752007,-0.0468221,0.423861,0,0,0,
12,2.36653e-18,-4.76379e-34,1.5,-0.320025,-0.103262,1.58607,-0.0443223,0.0510795,0.65197,-0.755223,-0.169781,-0.0586738,0.334534,0,0,0,
12.05,2.36653e-18,-4.76379e-34,1.5,-0.334838,-0.115892,1.60659,-0.0479074,0.0598622,0.743892,-0.663887,-0.222652,-0.0446307,0.286609,0,0,0,
12.1,2.36653e-18,-4.76379e-34,1.5,-0.350238,-0.126797,1.62496,-0.0510719,0.078443,0.88108,-0.463613,-0.272841,-0.0105336,0.240507,0,0,0,
12.15,2.36653e-18,-4.76379e-34,1.5,-0.386784,-0.147119,1.65703,-0.0275566,0.113937,0.991892,0.0490785,-0.33269,0.109794,0.169823,0,0,0,
12.2,2.36653e-18,-4.76379e-34,1.5,-0.409826,-0.160496,1.67401,-0.0133533,0.118245,0.978229,0.170022,-0.322891,0.181368,0.166172,0,0,0,
12.25,2.36653e-18,-4.76379e-34,1.5,-0.440463,-0.167939,1.70221,0.0706053,0.107337,0.75204,0.646475,-0.18582,0.284812,0.239475,0,0,0,
12.3,2.36653e-18,-4.76379e-34,1.5,-0.452218,-0.169431,1.72016,0.0892349,0.0899126,0.648063,0.750978,-0.0840417,0.269551,0.261477,0,0,0,
12.35,2.36653e-18,-4.76379e-34,1.5,-0.470584,-0.187172,1.75571,0.0788059,-0.00421498,0.161158,0.983768,-0.0295143,0.148684,0.185622,0,0,0,
12.4,2.36653e-18,-4.76379e-34,1.5,-0.479268,-0.199868,1.77099,0.0721974,-0.0252796,0.0183949,0.9969,-0.0602962,0.0869225,0.153166,0,0,0,
12.45,2.36653e-18,-4.76379e-34,1.5,-0.490644,-0.216627,1.78845,0.0727165,-0.0463561,-0.270606,0.95882,-0.119088,0.0400092,0.106264,0,0,0,
12.5,2.36653e-18,-4.76379e-34,1.5,-0.512852,-0.242432,1.81247,0.0895424,-0.080104,-0.625133,0.771216,-0.255902,0.00125314,0.0263847,0,0,0,
12.55,2.36653e-18,-4.76379e-34,1.5,-0.527486,-0.260179,1.82118,0.0949167,-0.104393,-0.805222,0.575944,-0.328081,0.0069195,-0.0315279,0,0,0,
12.6,2.36653e-18,-4.76379e-34,1.5,-0.570222,-0.303821,1.83542,0.0824549,-0.144274,-0.967707,0.18955,-0.478979,0.11969,-0.123855,0,0,0,
12.65,2.36653e-18,-4.76379e-34,1.5,-0.590781,-0.316936,1.83691,0.0490376,-0.159763,-0.979784,-0.109971,-0.497832,0.215319,-0.13982,0,0,0,
12.7,2.36653e-18,-4.76379e-34,1.5,-0.60801,-0.32222,1.83703,0.0119212,-0.155875,-0.919312,-0.361145,-0.474428,0.302015,-0.134708,0,0,0,
12.75,2.36653e-18,-4.76379e-34,1.5,-0.643377,-0.335432,1.84314,-0.056102,-0.108769,-0.677768,-0.725019,-0.301518,0.399319,-0.0582112,0,0,0,
12.8,2.36653e-18,-4.76379e-34,1.5,-0.65579,-0.345584,1.8481,-0.0762706,-0.0441482,-0.428219,-0.899368,-0.238082,0.350418,-0.0355632,0,0,0,
12.85,2.36653e-18,-4.76379e-34,1.5,-0.676451,-0.367792,1.86068,-0.102606,0.0446202,-0.00459287,-0.99371,-0.245464,0.166092,0.0101225,0,0,0,
12.9,2.36653e-18,-4.76379e-34,1.5,-0.686699,-0.381936,1.86776,-0.12894,0.0849866,0.262128,-0.952597,-0.310794,0.0835606,0.00290424,0,0,0,
12.95,2.36653e-18,-4.76379e-34,1.5,-0.714229,-0.42274,1.87709,-0.166393,0.13682,0.662708,-0.717225,-0.497872,-0.0167361,-0.174263,0,0,0,
13,2.36653e-18,-4.76379e-34,1.5,-0.730029,-0.450615,1.87607,-0.165358,0.161908,0.83963,-0.49139,-0.592103,-0.0197458,-0.288258,0,0,0,
13.05,2.36653e-18,-4.76379e-34,1.5,-0.747604,-0.475933,1.87239,-0.161613,0.17288,0.897659,-0.371755,-0.683928,0.0207912,-0.366496,0,0,0,
13.1,2.36653e-18,-4.76379e-34,1.5,-0.791959,-0.51789,1.85886,-0.079902,0.188357,0.945886,0.251867,-0.7945,0.25148,-0.396183,0,0,0,
13.15,2.36653e-18,-4.76379e-34,1.5,-0.811459,-0.530673,1.8546,-0.0539669,0.187207,0.907166,0.372948,-0.756994,0.367851,-0.365251,0,0,0,
13.2,2.36653e-18,-4.76379e-34,1.5,-0.847112,-0.563798,1.85059,0.0687383,0.0593059,0.529946,0.843158,-0.552713,0.412115,-0.256946,0,0,0,
13.25,2.36653e-18,-4.76379e-34,1.5,-0.860941,-0.574649,1.85029,0.0890761,0.0109404,0.386898,0.917745,-0.504384,0.311701,-0.220431,0,0,0,
13.3,2.36653e-18,-4.76379e-34,1.5,-0.870973,-0.589192,1.85271,0.131466,-0.0740499,0.112633,0.982114,-0.515878,0.186191,-0.201305,0,0,0,
13.35,2.36653e-18,-4.76379e-34,1.5,-0.893208,-0.634391,1.85659,0.204018,-0.16853,-0.348083,0.89934,-0.717413,-0.0523607,-0.263189,0,0,0,
13.4,2.36653e-18,-4.76379e-34,1.5,-0.904827,-0.674032,1.8555,0.240587,-0.184741,-0.614676,0.728122,-0.81464,-0.120421,-0.423138,0,0,0,
13.45,2.36653e-18,-4.76379e-34,1.5,-0.932723,-0.733139,1.83552,0.255064,-0.19465,-0.871649,0.370516,-1.0002,-0.117643,-0.676932,0,0,0,
13.5,2.36653e-18,-4.76379e-34,1.5,-0.957114,-0.758757,1.81637,0.234858,-0.183731,-0.951528,0.0753631,-1.12667,-0.0258144,-0.741745,0,0,0,
13.55,2.36653e-18,-4.76379e-34,1.5,-1.00811,-0.804113,1.78125,0.136768,-0.132331,-0.90274,-0.385804,-1.19665,0.205526,-0.718551,0,0,0,
13.6,2.36653e-18,-4.76379e-34,1.5,-1.02951,-0.831451,1.76746,0.0612238,-0.0619676,-0.744281,-0.662161,-1.13918,0.241597,-0.68478,0,0,0,
13.65,2.36653e-18,-4.76379e-34,1.5,-1.0517,-0.849252,1.75364,-0.0170971,0.0550535,-0.506189,-0.860494,-1.10324,0.201521,-0.668639,0,0,0,
13.7,2.36653e-18,-4.76379e-34,1.5,-1.09219,-0.888338,1.72851,-0.139764,0.174069,-0.112455,-0.968256,-1.16091,-0.0409556,-0.619634,0,0,0,
13.75,2.36653e-18,-4.76379e-34,1.5,-1.11931,-0.907527,1.71464,-0.245357,0.230532,0.196303,-0.920934,-1.2815,-0.18639,-0.656414,0,0,0,
13.8,2.36653e-18,-4.76379e-34,1.5,-1.17675,-0.964751,1.68138,-0.368689,0.239751,0.576861,-0.688345,-1.48842,-0.378752,-0.960638,0,0,0,
13.85,2.36653e-18,-4.76379e-34,1.5,-1.19851,-0.995649,1.6597,-0.396677,0.203215,0.770873,-0.455089,-1.50611,-0.393249,-1.17068,0,0,0,
13.9,2.36653e-18,-4.76379e-34,1.5,-1.22188,-1.03699,1.62765,-0.403631,0.168024,0.849973,-0.293932,-1.55892,-0.395391,-1.36908,0,0,0,
13.95,2.36653e-18,-4.76379e-34,1.5,-1.27277,-1.1094,1.54992,-0.356504,0.0192168,0.892325,0.276211,-1.8158,-0.284935,-1.5153,0,0,0,
14,2.36653e-18,-4.76379e-34,1.5,-1.29863,-1.14468,1.50687,-0.311668,-0.0447911,0.844672,0.43288,-1.91409,-0.215372,-1.50438,0,0,0,
14.05,2.36653e-18,-4.76379e-34,1.5,-1.3503,-1.20537,1.43302,-0.0977407,-0.346211,0.495003,0.790922,-2.03264,-0.281805,-1.55728,0,0,0,
14.1,2.36653e-18,-4.76379e-34,1.5,-1.38109,-1.24134,1.39221,-0.00286038,-0.41006,0.356334,0.839565,-2.10728,-0.386563,-1.6732,0,0,0,
14.15,2.36653e-18,-4.76379e-34,1.5,-1.44204,-1.32468,1.29974,0.393271,-0.456856,-0.100634,0.791514,-2.26412,-0.682814,-1.97417,0,0,0,
14.2,2.36653e-18,-4.76379e-34,1.5,-1.47328,-1.36437,1.24482,0.488852,-0.433575,-0.218376,0.724809,-2.17118,-0.71365,-2.25216,0,0,0,
14.25,2.36653e-18,-4.76379e-34,1.5,-1.48832,-1.39122,1.20353,0.596359,-0.356021,-0.37851,0.611829,-2.06856,-0.711562,-2.44503,0,0,0,
14.3,2.36653e-18,-4.76379e-34,1.5,-1.51198,-1.48371,1.0615,0.673282,-0.0738515,-0.626263,0.386046,-1.75583,-0.68913,-2.9741,0,0,0,
14.35,2.36653e-18,-4.76379e-34,1.5,-1.51296,-1.52632,0.977454,0.651456,0.215808,-0.690367,0.228967,-1.58117,-0.675712,-3.21439,0,0,0,
14.4,2.36653e-18,-4.76379e-34,1.5,-1.47922,-1.60501,0.791795,0.521095,0.604792,-0.601182,-0.0355832,-1.27639,-0.758914,-3.72205,0,0,0,
14.45,2.36653e-18,-4.76379e-34,1.5,-1.46387,-1.6507,0.682279,0.337405,0.738647,-0.532729,-0.23824,-1.35105,-0.972152,-4.10873,0,0,0,
14.5,2.36653e-18,-4.76379e-34,1.5,-1.44339,-1.70193,0.582249,0.109759,0.789319,-0.471662,-0.377444,-1.43008,-1.16519,-4.43101,0,0,0,
14.55,2.36653e-18,-4.76379e-34,1.5,-1.41718,-1.81953,0.332526,-0.328293,0.757373,-0.304525,-0.475262,-1.55536,-1.6095,-5.13794,0,0,0,
14.6,2.36653e-18,-4.76379e-34,1.5,-1.41345,-1.89068,0.175617,-0.59466,0.640766,-0.162303,-0.457663,-1.61553,-1.90079,-5.62039,0,0,0,
14.65,2.36653e-18,-4.76379e-34,1.5,-1.39791,-2.06241,-0.179878,-0.886647,0.265594,0.0181177,-0.378139,-1.59532,-2.37316,-6.60525,0,0,0,
14.7,2.36653e-18,-4.76379e-34,1.5,-1.39436,-2.15321,-0.372071,-0.943758,-0.0364274,0.0741878,-0.32014,-1.53357,-2.54277,-7.05813,0,0,0,
14.75,2.36653e-18,-4.76379e-34,1.5,-1.38858,-2.24444,-0.573933,-0.927868,-0.211421,0.0966807,-0.291574,-1.42285,-2.68106,-7.49312,0,0,0,
14.8,2.36653e-18,-4.76379e-34,1.5,-1.34947,-2.42321,-0.994828,-0.557917,-0.780786,0.100987,-0.262496,-0.983955,-2.8083,-8.17404,0,0,0,
14.85,2.36653e-18,-4.76379e-34,1.5,-1.32426,-2.5063,-1.21266,-0.390065,-0.871645,0.0981292,-0.280098,-0.681053,-2.82472,-8.466,0,0,0,
14.9,2.36653e-18,-4.76379e-34,1.5,-1.24023,-2.66396,-1.67507,0.30229,-0.86478,0.0973584,-0.388971,0.0855479,-2.70133,-9.15891,0,0,0,
14.95,2.36653e-18,-4.76379e-34,1.5,-1.16593,-2.70981,-1.87094,0.338475,-0.84354,0.0898288,-0.407193,1.12605,-2.20465,-9.47438,0,0,0,
15,2.36653e-18,-4.76379e-34,1.5,-0.967838,-2.7799,-2.3285,0.39187,-0.722935,0.161334,-0.545687,1.99756,-1.68574,-9.46325,0,0,0,
15.05,2.36653e-18,-4.76379e-34,1.5,-0.858048,-2.78991,-2.50298,0.440367,-0.692457,0.177285,-0.543278,2.41169,-1.40946,-9.35328,0,0,0,
15.1,2.36653e-18,-4.76379e-34,1.5,-0.728328,-2.79595,-2.69985,0.512695,-0.65502,0.111312,-0.543786,2.81232,-1.06716,-9.30201,0,0,0,
15.15,2.36653e-18,-4.76379e-34,1.5,-0.460697,-2.74396,-2.96196,0.581049,-0.522865,0.03405,-0.622764,3.16971,-0.279241,-8.54296,0,0,0,
15.2,2.36653e-18,-4.76379e-34,1.5,-0.347971,-2.70253,-3.04914,0.606113,-0.410117,-0.0113855,-0.681396,3.17764,0.0650984,-8.15062,0,0,0,
15.25,2.36653e-18,-4.76379e-34,1.5,-0.141807,-2.58756,-3.17826,0.603114,-0.224951,-0.0612378,-0.762824,2.88451,0.607068,-7.31768,0,0,0,
15.3,2.36653e-18,-4.76379e-34,1.5,-0.0625426,-2.5126,-3.19689,0.581085,-0.0957042,-0.0845032,-0.803767,2.67068,0.989595,-6.82722,0,0,0,
15.35,2.36653e-18,-4.76379e-34,1.5,-0.00436053,-2.43175,-3.18842,0.541841,0.0695126,-0.0820725,-0.833571,2.36697,1.31539,-6.31594,0,0,0,
15.4,2.36653e-18,-4.76379e-34,1.5,0.040904,-2.26685,-3.09401,0.443483,0.306875,-0.0583333,-0.840088,1.52095,1.77322,-5.33405,0,0,0,
15.45,2.36653e-18,-4.76379e-34,1.5,0.0326949,-2.17839,-3.0417,0.345266,0.460187,-0.0143321,-0.81781,0.959156,1.9427,-4.9533,0,0,0,
15.5,2.36653e-18,-4.76379e-34,1.5,-0.0652757,-2.00313,-2.85206,0.149602,0.656252,0.0711891,-0.736129,-0.214016,1.94199,-4.37692,0,0,0,
15.55,2.36653e-18,-4.76379e-34,1.5,-0.169055,-1.92871,-2.7078,-0.0465904,0.75575,0.153421,-0.634928,-0.683175,1.70664,-4.16286,0,0,0,
15.6,2.36653e-18,-4.76379e-34,1.5,-0.26583,-1.88348,-2.61044,-0.114721,0.778023,0.199345,-0.58462,-1.02678,1.48575,-4.11123,0,0,0,
15.65,2.36653e-18,-4.76379e-34,1.5,-0.501422,-1.81705,-2.4447,-0.463535,0.708858,0.433637,-0.307596,-1.93275,1.17052,-4.32582,0,0,0,
15.7,2.36653e-18,-4.76379e-34,1.5,-0.623898,-1.78749,-2.36439,-0.514929,0.662556,0.495712,-0.223911,-2.23268,1.10548,-4.38938,0,0,0,
15.75,2.36653e-18,-4.76379e-34,1.5,-0.904018,-1.7575,-2.206,-0.493694,0.246778,0.811356,0.192531,-2.64693,1.1186,-4.26725,0,0,0,
15.8,2.36653e-18,-4.76379e-34,1.5,-1.03253,-1.7521,-2.14941,-0.40863,0.0803259,0.864984,0.27995,-2.78471,1.14388,-4.01902,0,0,0,
15.85,2.36653e-18,-4.76379e-34,1.5,-1.14648,-1.74325,-2.12886,-0.150141,-0.241278,0.871056,0.40063,-2.90727,1.06772,-3.68689,0,0,0,
15.9,2.36653e-18,-4.76379e-34,1.5,-1.33166,-1.76012,-1.98771,0.340403,-0.608726,0.603835,0.385957,-2.6811,0.281774,-3.19724,0,0,0,
15.95,2.36653e-18,-4.76379e-34,1.5,-1.40406,-1.7858,-1.92612,0.650101,-0.682275,0.246081,0.226526,-2.42116,0.0129856,-3.39969,0,0,0,
16,2.36653e-18,-4.76379e-34,1.5,-1.48734,-1.85089,-1.8083,0.822091,-0.36692,-0.390845,-0.191771,-1.98038,0.0663724,-3.96662,0,0,0,
16.05,2.36653e-18,-4.76379e-34,1.5,-1.50399,-1.88574,-1.77076,0.612515,0.121655,-0.694268,-0.357795,-1.89404,0.107073,-4.002,0,0,0,
16.1,2.36653e-18,-4.76379e-34,1.5,-1.51245,-1.94183,-1.72945,0.181718,0.68704,-0.661061,-0.240733,-1.8559,-0.0989799,-3.97781,0,0,0,
16.15,2.36653e-18,-4.76379e-34,1.5,-1.52973,-2.03295,-1.75888,-0.398507,0.883644,0.0216076,0.24474,-1.51025,-0.367478,-4.52693,0,0,0,
16.2,2.36653e-18,-4.76379e-34,1.5,-1.50918,-2.08397,-1.7532,-0.439251,0.394881,0.618429,0.518337,-1.33365,-0.0726215,-4.60287,0,0,0,
16.25,2.36653e-18,-4.76379e-34,1.5,-1.45625,-2.1628,-1.7886,0.0605795,-0.56106,0.687545,0.456972,-1.24508,-0.0951906,-4.34767,0,0,0,
16.3,2.36653e-18,-4.76379e-34,1.5,-1.46221,-2.19372,-1.81719,0.197999,-0.849864,0.296064,0.388424,-5.60831,0.244077,-4.48156,0,0,0,
16.35,2.36653e-18,-4.76379e-34,1.5,-1.61244,-2.21814,-1.85392,0.206017,-0.89431,0.1272,0.376281,-7.00108,0.110002,-4.47464,0,0,0,
16.4,2.36653e-18,-4.76379e-34,1.5,-1.95032,-2.27985,-1.93654,-0.123482,-0.942534,0.157528,0.267519,-7.48162,0.00341282,-4.94943,0,0,0,
16.45,2.36653e-18,-4.76379e-34,1.5,-2.14807,-2.29419,-2.03187,-0.109645,-0.932797,0.225395,0.258969,-7.61623,0.045682,-5.3551,0,0,0,
16.5,2.36653e-18,-4.76379e-34,1.5,-2.5152,-2.37282,-2.20763,0.0426535,-0.885714,0.33949,0.313749,-7.41681,-0.015222,-4.95404,0,0,0,
16.55,2.36653e-18,-4.76379e-34,1.5,-2.63712,-2.39657,-2.23953,0.0631138,-0.86774,0.381432,0.312336,-7.04092,-0.0607797,-4.42249,0,0,0,
16.6,2.36653e-18,-4.76379e-34,1.5,-2.74225,-2.42146,-2.25842,0.0958597,-0.747371,0.521369,0.400527,-6.54508,-0.35921,-4.0346,0,0,0,
16.65,2.36653e-18,-4.76379e-34,1.5,-2.90992,-2.49257,-2.26245,0.051261,-0.369755,0.680691,0.630328,-5.75273,-0.785725,-3.22224,0,0,0,
16.7,2.36653e-18,-4.76379e-34,1.5,-2.8798,-2.55559,-2.19515,-0.0223767,-0.27317,0.72101,0.636413,-5.2619,-0.89592,-2.70007,0,0,0,
16.75,2.36653e-18,-4.76379e-34,1.5,-2.7613,-2.67928,-1.94418,-0.115289,-0.349384,0.738749,0.564703,-4.58976,-0.709116,-1.34508,0,0,0,
16.8,2.36653e-18,-4.76379e-34,1.5,-2.70754,-2.72879,-1.8081,-0.215058,-0.360518,0.617642,0.665053,-4.34556,-0.783666,-0.976206,0,0,0,
16.85,2.36653e-18,-4.76379e-34,1.5,-2.54166,-2.82162,-1.48314,-0.20439,-0.282108,0.473993,0.808685,-3.97508,-0.829244,-0.244733,0,0,0,
16.9,2.36653e-18,-4.76379e-34,1.5,-2.47402,-2.87022,-1.31416,-0.164944,-0.256188,0.390786,0.868589,-3.81059,-0.841941,0.0645183,0,0,0,
16.95,2.36653e-18,-4.76379e-34,1.5,-2.38743,-2.91565,-1.14425,-0.102534,-0.260275,0.294355,0.913837,-3.60918,-0.896296,0.364183,0,0,0,
17,2.36653e-18,-4.76379e-34,1.5,-2.19734,-3.02745,-0.771288,0.0189073,-0.26651,0.127955,0.955114,-3.19423,-1.13815,0.939568,0,0,0,
17.05,2.36653e-18,-4.76379e-34,1.5,-2.12469,-3.08976,-0.609523,0.101579,-0.260444,0.0206817,0.959908,-3.03929,-1.31353,1.13048,0,0,0,
17.1,2.36653e-18,-4.76379e-34,1.5,-1.96667,-3.24392,-0.3031,0.263299,-0.186064,-0.121339,0.938792,-2.69734,-1.78984,1.36407,0,0,0,
17.15,2.36653e-18,-4.76379e-34,1.5,-1.88817,-3.33737,-0.162664,0.39095,-0.10369,-0.211253,0.889819,-2.48192,-2.05124,1.36417,0,0,0,
17.2,2.36653e-18,-4.76379e-34,1.5,-1.73167,-3.55154,0.0756613,0.545813,-0.0105651,-0.338022,0.766628,-1.97523,-2.38306,1.02526,0,0,0,
17.25,2.36653e-18,-4.76379e-34,1.5,-1.64883,-3.66504,0.169594,0.601505,0.0419821,-0.413779,0.682068,-1.73142,-2.51562,0.816902,0,0,0,
17.3,2.36653e-18,-4.76379e-34,1.5,-1.51784,-3.78946,0.261151,0.62172,0.0677097,-0.452933,0.635398,-1.42783,-2.65774,0.593757,0,0,0,
17.35,2.36653e-18,-4.76379e-34,1.5,-1.32939,-4.04267,0.411886,0.734115,0.198586,-0.559122,0.330183,-1.38777,-3.5065,2.07796,0,0,0,
17.4,2.36653e-18,-4.76379e-34,1.5,-1.2476,-4.18403,0.503496,0.722999,0.263534,-0.60714,0.197997,-1.35532,-3.57059,1.89958,0,0,0,
17.45,2.36653e-18,-4.76379e-34,1.5,-0.996412,-4.49169,0.656326,0.672648,0.511035,-0.531615,0.0614329,-0.619544,-4.59191,1.79797,0,0,0,
17.5,2.36653e-18,-4.76379e-34,1.5,-0.894428,-4.64777,0.713886,0.697023,0.481683,-0.518953,0.113265,-0.57565,-4.7639,1.76616,0,0,0,
17.55,2.36653e-18,-4.76379e-34,1.5,-0.794909,-4.79642,0.757796,0.755417,0.413786,-0.434245,0.263738,-0.373789,-4.69209,1.53564,0,0,0,
17.6,2.36653e-18,-4.76379e-34,1.5,-0.610896,-5.11966,0.847618,0.742361,0.543174,-0.265022,0.28918,-0.578132,-4.98339,1.82405,0,0,0,
17.65,2.36653e-18,-4.76379e-34,1.5,-0.51657,-5.25427,0.879704,0.75938,0.615528,-0.131546,0.164814,-0.328965,-4.92011,1.5291,0,0,0,
17.7,2.36653e-18,-4.76379e-34,1.5,-0.291616,-5.48301,0.903552,0.74505,0.664271,0.0422227,-0.0431529,0.116834,-4.67887,0.876508,0,0,0,
17.75,2.36653e-18,-4.76379e-34,1.5,-0.152891,-5.58659,0.890216,0.702671,0.678129,0.14156,-0.162344,0.387573,-4.48076,0.55054,0,0,0,
17.8,2.36653e-18,-4.76379e-34,1.5,-0.0381977,-5.67774,0.879074,0.626995,0.717133,0.231247,-0.197793,0.676872,-3.89625,0.815251,0,0,0,
17.85,2.36653e-18,-4.76379e-34,1.5,0.227697,-5.75657,0.883013,0.5663,0.786315,0.241742,-0.0507298,0.981337,-3.14725,1.49271,0,0,0,
17.9,2.36653e-18,-4.76379e-34,1.5,0.379685,-5.75664,0.890711,0.690407,0.717713,0.0901276,0.0101232,1.10544,-2.9498,1.20595,0,0,0,
17.95,2.36653e-18,-4.76379e-34,1.5,0.693827,-5.72438,0.885808,0.799859,0.592128,0.0973716,-0.0113977,1.57352,-2.37361,1.85473,0,0,0,
18,2.36653e-18,-4.76379e-34,1.5,0.84074,-5.70392,0.885462,0.859478,0.511173,0.000462531,-0.000610103,1.74731,-1.97058,1.92897,0,0,0,
18.05,2.36653e-18,-4.76379e-34,1.5,1.12275,-5.64837,0.880518,0.901536,0.396205,-0.173936,-7.87514e-05,2.00917,-1.39602,1.66047,0,0,0,
18.1,2.36653e-18,-4.76379e-34,1.5,1.12275,-5.64837,0.880518,0.901536,0.396205,-0.173936,-7.87514e-05,2.00917,-1.39602,1.66047,0,0,0,
18.15,2.36653e-18,-4.76379e-34,1.5,1.12275,-5.64837,0.880518,0.901536,0.396205,-0.173936,-7.87514e-05,2.00917,-1.39602,1.66047,0,0,0,
18.2,2.36653e-18,-4.76379e-34,1.5,1.12275,-5.64837,0.880518,0.901536,0.396205,-0.173936,-7.87514e-05,2.00917,-1.39602,1.66047,0,0,0,
18.25,2.36653e-18,-4.76379e-34,1.5,1.12275,-5.64837,0.880518,0.901536,0.396205,-0.173936,-7.87514e-05,2.00917,-1.39602,1.66047,0,0,0,
18.3,2.36653e-18,-4.76379e-34,1.5,1.12275,-5.64837,0.880518,0.901536,0.396205,-0.173936,-7.87514e-05,2.00917,-1.39602,1.66047,0,0,0,
18.35,2.36653e-18,-4.76379e-34,1.5,1.12275,-5.64837,0.880518,0.901536,0.396205,-0.173936,-7.87514e-05,2.00917,-1.39602,1.66047,0,0,0,
18.4,2.36653e-18,-4.76379e-34,1.5,1.12275,-5.64837,0.880518,0.901536,0.396205,-0.173936,-7.87514e-05,2.00917,-1.39602,1.66047,0,0,0,
18.45,2.36653e-18,-4.76379e-34,1.5,1.12275,-5.64837,0.880518,0.901536,0.396205,-0.173936,-7.87514e-05,2.00917,-1.39602,1.66047,0,0,0,
18.5,2.36653e-18,-4.76379e-34,1.5,1.12275,-5.64837,0.880518,0.901536,0.396205,-0.173936,-7.87514e-05,2.00917,-1.39602,1.66047,0,0,0,
18.55,2.36653e-18,-4.76379e-34,1.5,1.12275,-5.64837,0.880518,0.901536,0.396205,-0.173936,-7.87514e-05,2.00917,-1.39602,1.66047,0,0,0,
18.6,2.36653e-18,-4.76379e-34,1.5,1.12275,-5.64837,0.880518,0.901536,0.396205,-0.173936,-7.87514e-05,2.00917,-1.39602,1.66047,0,0,0,
18.65,2.36653e-18,-4.76379e-34,1.5,1.12275,-5.64837,0.880518,0.901536,0.396205,-0.173936,-7.87514e-05,2.00917,-1.39602,1.66047,0,0,0,
18.7,2.36653e-18,-4.76379e-34,1.5,1.12275,-5.64837,0.880518,0.901536,0.396205,-0.173936,-7.87514e-05,2.00917,-1.39602,1.66047,0,0,0,
18.75,2.36653e-18,-4.76379e-34,1.5,1.12275,-5.64837,0.880518,0.901536,0.396205,-0.173936,-7.87514e-05,2.00917,-1.39602,1.66047,0,0,0,
18.8,2.36653e-18,-4.76379e-34,1.5,1.12275,-5.64837,0.880518,0.901536,0.396205,-0.173936,-7.87514e-05,2.00917,-1.39602,1.66047,0,0,0,
18.85,2.36653e-18,-4.76379e-34,1.5,1.12275,-5.64837,0.880518,0.901536,0.396205,-0.173936,-7.87514e-05,2.00917,-1.39602,1.66047,0,0,0,
18.9,2.36653e-18,-4.76379e-34,1.5,1.12275,-5.64837,0.880518,0.901536,0.396205,-0.173936,-7.87514e-05,2.00917,-1.39602,1.66047,0,0,0,
18.95,2.36653e-18,-4.76379e-34,1.5,1.12275,-5.64837,0.880518,0.901536,0.396205,-0.173936,-7.87514e-05,2.00917,-1.39602,1.66047,0,0,0,
19,2.36653e-18,-4.76379e-34,1.5,1.12275,-5.64837,0.880518,0.901536,0.396205,-0.173936,-7.87514e-05,2.00917,-1.39602,1.66047,0,0,0,
19.05,2.36653e-18,-4.76379e-34,1.5,1.12275,-5.64837,0.880518,0.901536,0.396205,-0.173936,-7.87514e-05,2.00917,-1.39602,1.66047,0,0,0,
19.1,2.36653e-18,-4.76379e-34,1.5,1.12275,-5.64837,0.880518,0.901536,0.396205,-0.173936,-7.87514e-05,2.00917,-1.39602,1.66047,0,0,0,
19.15,2.36653e-18,-4.76379e-34,1.5,1.12275,-5.64837,0.880518,0.901536,0.396205,-0.173936,-7.87514e-05,2.00917,-1.39602,1.66047,0,0,0,
19.2,2.36653e-18,-4.76379e-34,1.5,1.12275,-5.64837,0.880518,0.901536,0.396205,-0.173936,-7.87514e-05,2.00917,-1.39602,1.66047,0,0,0,
19.25,2.36653e-18,-4.76379e-34,1.5,1.12275,-5.64837,0.880518,0.901536,0.396205,-0.173936,-7.87514e-05,2.00917,-1.39602,1.66047,0,0,0,
19.3,2.36653e-18,-4.76379e-34,1.5,1.12275,-5.64837,0.880518,0.901536,0.396205,-0.173936,-7.87514e-05,2.00917,-1.39602,1.66047,0,0,0,
